<?xml version="1.0" encoding="utf-8"?>
<extension type="package" method="upgrade">
    <name>Health Checker for Joomla</name>
    <packagename>healthchecker</packagename>
    <author>mySites.guru / Phil E. Taylor</author>
    <creationDate>2026-02</creationDate>
    <copyright>(C) 2026 mySites.guru / Phil E. Taylor</copyright>
    <license>GNU General Public License version 2 or later; see LICENSE.txt</license>
    <authorEmail>phil@phil-taylor.com</authorEmail>
    <authorUrl>https://phil-taylor.com</authorUrl>
    <version>3.2.3</version>
    <description>Comprehensive health check extension for Joomla with over 130 checks across 8+ categories.</description>
    <packager>mySites.guru</packager>
    <packagerurl>https://mysites.guru</packagerurl>
    <files folder="packages">
        <file type="component" id="com_healthchecker">com_healthchecker-3.2.3.zip</file>
        <file type="module" id="mod_healthchecker" client="administrator">mod_healthchecker-3.2.3.zip</file>
        <file type="plugin" id="plg_healthchecker_core" group="healthchecker">plg_healthchecker_core-3.2.3.zip</file>
        <file type="plugin" id="plg_healthchecker_example" group="healthchecker">plg_healthchecker_example-3.2.3.zip</file>
        <file type="plugin" id="plg_healthchecker_akeebabackup" group="healthchecker">plg_healthchecker_akeebabackup-3.2.3.zip</file>
        <file type="plugin" id="plg_healthchecker_akeebaadmintools" group="healthchecker">plg_healthchecker_akeebaadmintools-3.2.3.zip</file>
        <file type="plugin" id="plg_healthchecker_mysitesguru" group="healthchecker">plg_healthchecker_mysitesguru-3.2.3.zip</file>
    </files>
    <scriptfile>script.php</scriptfile>
    <updateservers>
        <server type="extension" priority="1" name="Health Checker Package">https://www.joomlahealthchecker.com/update/pkg_healthchecker.xml</server>
    </updateservers>
</extension>
